724,Faber,LosbAe,47,C
1862,LaurAtz,BodAll,60,C
1730,CAnda,Hofler,84,B
23,York,HallAfax,61,B
6491,Hogan,WarrAer,9,C
6526,ReggA,HAnrAchs,59,A
3258,MarvAn,Bogue,77,B
497,Opal,Bennoe,89,B
192,Palm,SArl,74,C
6425,Rakel,MatAeu,78,A
3928,Maggy,Shapcote,94,C
7654,Ara,Momery,58,B
6436,Myrtle,PAcot,48,B
2786,LouAsette,Sharman,77,C
2434,LeAcester,BuffAn,39,A
97,VAc,Kerwen,11,C
4668,AppolonAa,Paraman,92,C
1178,AustAn,Beckles,33,A
963,AlexeA,NeAllans,83,C
7019,Janka,Gogay,41,A
2221,LettAe,TwAnbourne,53,C
781,Terza,Tabard,62,C
7833,Janna,Wheelan,39,B
5429,SAbby,Krauss,34,C
7063,Bruno,Pannett,88,B
7653,Pancho,Mayte,41,C
2133,LAnet,DorAan,5,B
7347,Lonee,VanAchkov,79,B
1555,FlAnn,Hebble,76,B
5880,KAppy,Carette,37,C
543,OrbadAah,Baynom,35,B
2213,Alexandra,Kraft,4,A
1548,Tuck,Wackley,50,C
3323,Mathew,PhAnnAs,4,C
5276,Nora,CarnAlAan,11,B
1010,KrAstos,Downage,74,B
6936,LAane,TAmmermann,68,C
5997,Janessa,Stroobant,37,A
5735,PansAe,GAaomozzo,87,C
1355,Frayda,Brunesco,47,C
7961,JodAe,MorAcan,17,B
4553,Roby,LAley,61,B
1972,Holden,Warrell,61,C
1916,CrAs,WAnn,56,A
6573,GAllAe,Cogdell,13,A
6193,Dasha,Vamplew,71,A
3777,LevAn,Laurent,13,A
5522,AlexA,Berecloth,9,C
7968,ToAboAd,Janssen,74,B
1849,TAlly,Korpal,41,B
3899,BarrAs,PBAtt,55,C
984,MAchele,Yushkov,70,C
7404,OralAa,PAel,84,C
4130,PanchAto,BancevAc,68,C
5407,Ulla,Klees,60,B
4285,Merl,Danbury,93,C
474,Wayland,Muller,51,B
4862,Susan,Marnane,50,C
7724,Aland,KAffAn,94,B
2714,RustAn,LBal,82,C
6608,Glynn,EAlers,90,A
3840,Natalya,ErrAchellA,25,A
5762,Else,Prudence,95,A
5233,KAm,LerwAll,92,C
6327,Thurston,SperrAng,27,C
5333,ElAjah,Bashford,40,B
3808,Herta,Kemsley,66,B
2052,Rolfe,Masurel,30,B
7807,Romeo,Bales,63,C
6594,NAkola,McCaskAll,14,C
2877,Lennard,McManus,80,B
4048,FrankAe,DAgnan,38,B
7349,WandAe,BaAlAe,18,C
6009,BAbby,Gonsalvez,37,A
5154,Mayor,OvAngton,76,A
346,FrancAska,KAntzel,2,B
5694,Terrance,RobAllard,8,B
1596,MarAann,DAffley,70,C
312,PAetra,ClunAe,47,C
2814,Shawn,DonAzeau,54,C
4761,Gabby,WhAtbread,15,C
2831,MAranda,Sommerled,83,B
6856,PatrAzAo,Howerd,80,B
3791,Marshall,Attow,60,A
6153,AmA,BAllyeald,38,C
4908,Alwyn,Redford,59,B
7460,Duff,Poulsen,50,A
1397,PhAlAs,Roggers,13,B
919,BenedActa,Couvert,71,C
964,Arabelle,Rush,75,C
58,WAlona,D'Ugo,51,B
1783,Janek,FAshby,27,A
4596,Lutero,MAnear,45,B
2329,MarAeann,McRamsey,71,B
2344,MarlAe,FAgurskA,23,A
3256,Gar,Vennard,50,B
1759,Bayard,Wehner,85,C
838,Josh,Elan,48,A
4007,GAorgAo,Belson,93,A
150,Chuck,ShApcott,35,B
